United States,"1,573,564,566"
China,"344,395,307"
Japan,"214,226,562"
Germany,"128,756,779"
United Kingdom,"122,166,369"
"Korea, Republic of","112,703,223"
Brazil,"86,578,607"
France,"83,754,632"
Canada,"69,786,874"
Italy,"56,139,125"
Netherlands,"55,731,982"
Australia,"51,470,207"
Russian Federation,"45,769,781"
India,"42,969,565"
"Taiwan, Province of China","35,923,011"
Spain,"34,276,952"
South Africa,"31,134,539"
Mexico,"29,315,169"
Sweden,"28,577,870"
Egypt,"23,832,073"
Poland,"21,235,391"
Switzerland,"20,474,799"
Argentina,"19,413,821"
Indonesia,"18,843,409"
Colombia,"17,485,290"
Hong Kong,"17,484,805"
Turkey,"16,835,631"
Viet Nam,"16,044,277"
Norway,"15,733,279"
Finland,"14,549,345"
Ireland,"13,438,949"
Denmark,"13,223,438"
"Iran, Islamic Republic of","12,628,478"
Morocco,"12,268,318"
Belgium,"12,253,262"
Singapore,"11,966,280"
Ukraine,"11,550,030"
Austria,"11,275,376"
Saudi Arabia,"10,564,308"
Chile,"10,149,999"
Thailand,"9,407,672"
Mauritius,"8,698,540"
Czech Republic,"8,630,004"
Romania,"8,354,524"
Israel,"8,344,707"
New Zealand,"7,290,726"
Tunisia,"7,087,176"
"Venezuela, Bolivarian Republic of","6,814,611"
Malaysia,"6,707,738"
Portugal,"6,703,952"
Hungary,"6,005,716"
Pakistan,"5,813,635"
Philippines,"5,776,620"
Greece,"5,706,789"
Kenya,"5,689,887"
Algeria,"4,802,885"
Bulgaria,"4,367,099"
United Arab Emirates,"3,940,936"
Kazakhstan,"3,206,251"
Nigeria,"3,193,247"
Lithuania,"3,112,397"
Peru,"3,071,144"
Croatia,"2,997,201"
Slovakia,"2,834,606"
Ecuador,"2,730,643"
Slovenia,"2,679,997"
Costa Rica,"2,508,700"
Uruguay,"2,465,515"
Serbia,"2,384,266"
Ghana,"2,254,996"
Kuwait,"1,978,942"
Latvia,"1,937,290"
Belarus,"1,933,231"
Sudan,"1,892,111"
Panama,"1,730,336"
Bangladesh,"1,663,931"
Zambia,"1,659,786"
Luxembourg,"1,615,586"
Dominican Republic,"1,601,099"
Uganda,"1,511,714"
Estonia,"1,469,620"
Puerto Rico,"1,384,167"
"Moldova, Republic of","1,355,211"
Syrian Arab Republic,"1,310,488"
Georgia,"1,255,552"
Angola,"1,249,375"
Cote D'ivoire,"1,185,481"
"Bolivia, Plurinational State of","1,173,713"
Paraguay,"1,151,008"
"Tanzania, United Republic of","1,105,929"
Oman,"991,856"
Cyprus,"981,600"
Iceland,"912,241"
Qatar,"857,186"
Bosnia and Herzegovina,"832,411"
Azerbaijan,"766,005"
"Palestine, State of","737,802"
Cameroon,"722,462"
North Macedonia,"720,662"
Iraq,"695,803"
El Salvador,"691,895"
Jordan,"682,567"
Malta,"673,033"
Guatemala,"651,892"
Armenia,"637,835"
Lebanon,"624,468"
Bahrain,"603,264"
Sri Lanka,"574,262"
Nepal,"556,311"
Malawi,"548,641"
Trinidad and Tobago,"533,062"
Gabon,"499,421"
Honduras,"495,630"
Mozambique,"468,749"
Namibia,"467,619"
Nicaragua,"444,451"
Cambodia,"444,090"
Reunion,"429,913"
Libya,"420,674"
Senegal,"398,218"
Macao,"374,063"
Albania,"371,251"
Ethiopia,"366,230"
Togo,"356,682"
Burkina Faso,"318,508"
Rwanda,"292,767"
Uzbekistan,"289,610"
Kyrgyzstan,"284,434"
Jamaica,"276,332"
Gambia,"271,138"
Cuba,"260,342"
Mongolia,"248,538"
Guam,"230,208"
Afghanistan,"222,743"
Brunei Darussalam,"215,087"
Zimbabwe,"204,251"
Montenegro,"191,996"
Madagascar,"188,234"
Curacao,"187,710"
Yemen,"187,667"
Cayman Islands,"187,278"
Seychelles,"185,791"
Myanmar,"180,685"
"Congo, The Democratic Republic of The","176,829"
Benin,"175,755"
Guadeloupe,"174,318"
Liberia,"172,044"
Haiti,"167,754"
Botswana,"166,645"
New Caledonia,"164,818"
Bahamas,"159,790"
Congo,"151,215"
Fiji,"150,806"
Martinique,"149,993"
Barbados,"146,755"
Bermuda,"130,929"
Belize,"129,137"
"Virgin Islands, U.S.","128,060"
Lesotho,"126,962"
Liechtenstein,"114,844"
Isle of Man,"112,691"
Sierra Leone,"110,741"
Aruba,"107,370"
Mali,"90,350"
Maldives,"88,690"
Jersey,"85,794"
Tajikistan,"84,650"
Lao People's Democratic Republic,"83,490"
Suriname,"82,939"
French Guiana,"78,092"
Gibraltar,"76,600"
Djibouti,"73,917"
Guyana,"71,490"
Papua New Guinea,"71,386"
Guernsey,"66,280"
French Polynesia,"64,514"
Monaco,"59,009"
Andorra,"58,321"
Eswatini,"56,779"
"Virgin Islands, British","51,120"
Antigua and Barbuda,"49,635"
Somalia,"49,189"
Mauritania,"48,059"
Aland Islands,"47,238"
Niger,"45,245"
Faroe Islands,"44,831"
Burundi,"43,848"
Saint Lucia,"40,121"
San Marino,"39,319"
Guinea,"38,203"
Bhutan,"37,940"
Sint Maarten (Dutch Part),"35,842"
Cabo Verde,"32,962"
Dominica,"31,777"
Grenada,"31,065"
Saint Kitts and Nevis,"30,813"
Greenland,"29,966"
Saint Martin (French Part),"29,218"
Chad,"27,779"
Vanuatu,"25,642"
Equatorial Guinea,"25,482"
"Bonaire, Sint Eustatius and Saba","24,578"
Samoa,"24,108"
Saint Vincent and The Grenadines,"23,568"
Turkmenistan,"20,626"
Mayotte,"20,614"
Timor-Leste,"19,018"
Northern Mariana Islands,"17,410"
Solomon Islands,"17,162"
South Sudan,"16,608"
Tonga,"14,594"
Nauru,"14,370"
Sao Tome and Principe,"14,354"
Holy See,"13,843"
Turks and Caicos Islands,"13,490"
"Micronesia, Federated States of","12,810"
Anguilla,"12,650"
Tuvalu,"12,290"
Central African Republic,"10,449"
Guinea-Bissau,"10,402"
Comoros,"10,036"
Palau,"9,762"
Marshall Islands,"8,754"
American Samoa,"8,732"
Kiribati,"8,706"
Cook Islands,"8,493"
Eritrea,"8,250"
Falkland Islands (Malvinas),"6,414"
Saint Pierre and Miquelon,"5,394"
Wallis and Futuna,"3,594"
British Indian Ocean Territory,"3,592"
Tokelau,"3,106"
Montserrat,"2,066"
Niue,"2,054"
Norfolk Island,"2,050"
Saint Barthelemy,"1,546"
United States Minor Outlying Islands,"1,096"
"Korea, Democratic People's Republic of","1,030"
Antarctica,514
Bouvet Island,74
South Georgia and The South Sandwich Islands,34
"Saint Helena, Ascension and Tristan Da Cunha",10
Cocos (Keeling) Islands,2
Christmas Island,2
Western Sahara,2
Heard Island and Mcdonald Islands,2
Pitcairn,2
Svalbard and Jan Mayen,2
French Southern Territories,2